{"stats":{"minecraft:used":{"minecraft:sand":3},"minecraft:mined":{"minecraft:sugar_cane":1,"minecraft:sand":29},"minecraft:custom":{"minecraft:jump":23,"minecraft:time_since_rest":10410,"minecraft:damage_dealt":30,"minecraft:crouch_one_cm":903,"minecraft:play_one_minute":10410,"minecraft:leave_game":7,"minecraft:sprint_one_cm":2338,"minecraft:time_since_death":10410,"minecraft:walk_one_cm":5103,"minecraft:sneak_time":566,"minecraft:fall_one_cm":685,"minecraft:fly_one_cm":4413},"minecraft:picked_up":{"minecraft:sand":18}},"DataVersion":2586}