{"stats":{"minecraft:mined":{"minecraft:sand":26},"minecraft:used":{"minecraft:sand":2},"minecraft:custom":{"minecraft:jump":22,"minecraft:time_since_rest":8004,"minecraft:damage_dealt":30,"minecraft:crouch_one_cm":837,"minecraft:play_one_minute":8004,"minecraft:leave_game":5,"minecraft:sprint_one_cm":2338,"minecraft:time_since_death":8004,"minecraft:walk_one_cm":4786,"minecraft:sneak_time":452,"minecraft:fall_one_cm":685,"minecraft:fly_one_cm":4413},"minecraft:picked_up":{"minecraft:sand":15}},"DataVersion":2586}