{"stats":{"minecraft:picked_up":{"minecraft:birch_log":123,"minecraft:stick":67,"minecraft:feather":6,"minecraft:chicken":3,"minecraft:torch":15,"minecraft:birch_planks":12,"minecraft:gunpowder":4,"minecraft:dirt":118,"minecraft:string":10,"minecraft:wooden_sword":4,"minecraft:cooked_mutton":4,"minecraft:bone":3,"minecraft:rotten_flesh":72,"minecraft:wheat_seeds":3,"minecraft:iron_ingot":6,"minecraft:stone_pickaxe":1,"minecraft:poppy":1,"minecraft:mutton":4,"minecraft:birch_sapling":57,"minecraft:coal":63,"minecraft:white_wool":6,"minecraft:cobblestone":143,"minecraft:egg":4},"minecraft:mined":{"minecraft:birch_log":56,"minecraft:birch_leaves":6,"minecraft:grass":1,"minecraft:coal_ore":24,"minecraft:stone":33},"minecraft:custom":{"minecraft:time_since_rest":2623,"minecraft:interact_with_furnace":7,"minecraft:sprint_one_cm":117784,"minecraft:damage_taken":3449,"minecraft:walk_one_cm":176802,"minecraft:mob_kills":13,"minecraft:drop":11,"minecraft:damage_dealt":2884,"minecraft:interact_with_crafting_table":10,"minecraft:fly_one_cm":41822,"minecraft:player_kills":1,"minecraft:open_chest":5,"minecraft:play_one_minute":36998,"minecraft:deaths":12,"minecraft:sneak_time":97,"minecraft:walk_under_water_one_cm":10243,"minecraft:jump":432,"minecraft:leave_game":1,"minecraft:time_since_death":2597,"minecraft:walk_on_water_one_cm":64706,"minecraft:fall_one_cm":5119},"minecraft:crafted":{"minecraft:wooden_sword":1,"minecraft:wooden_shovel":1,"minecraft:charcoal":9,"minecraft:stick":28,"minecraft:wooden_pickaxe":1,"minecraft:iron_ingot":3,"minecraft:stone_pickaxe":1,"minecraft:wooden_axe":1,"minecraft:furnace":1,"minecraft:birch_planks":56,"minecraft:torch":20,"minecraft:air":0,"minecraft:cooked_mutton":4},"minecraft:used":{"minecraft:wooden_axe":59,"minecraft:cooked_mutton":2,"minecraft:stone_pickaxe":45,"minecraft:wooden_pickaxe":12,"minecraft:rotten_flesh":4,"minecraft:wooden_sword":49,"minecraft:torch":13,"minecraft:furnace":1},"minecraft:dropped":{"minecraft:birch_log":11},"minecraft:killed_by":{"minecraft:player":1,"minecraft:skeleton":4,"minecraft:creeper":3,"minecraft:witch":4},"minecraft:broken":{"minecraft:wooden_axe":1},"minecraft:killed":{"minecraft:sheep":2,"minecraft:skeleton":1,"minecraft:zombie":6,"minecraft:chicken":1}},"DataVersion":2586}