{"stats":{"minecraft:killed":{"minecraft:sheep":2,"minecraft:skeleton":1,"minecraft:zombie":1,"minecraft:chicken":1},"minecraft:used":{"minecraft:wooden_axe":53,"minecraft:wooden_pickaxe":12,"minecraft:rotten_flesh":3,"minecraft:wooden_sword":5,"minecraft:furnace":1},"minecraft:picked_up":{"minecraft:birch_log":71,"minecraft:stick":8,"minecraft:feather":2,"minecraft:chicken":1,"minecraft:birch_planks":12,"minecraft:string":4,"minecraft:rotten_flesh":19,"minecraft:wheat_seeds":1,"minecraft:birch_sapling":12,"minecraft:mutton":4,"minecraft:white_wool":2,"minecraft:cobblestone":12,"minecraft:egg":1},"minecraft:dropped":{"minecraft:birch_log":11},"minecraft:crafted":{"minecraft:wooden_sword":1,"minecraft:charcoal":1,"minecraft:stick":8,"minecraft:wooden_pickaxe":1,"minecraft:stone_pickaxe":1,"minecraft:wooden_axe":1,"minecraft:furnace":1,"minecraft:birch_planks":56,"minecraft:air":0,"minecraft:cooked_mutton":4},"minecraft:custom":{"minecraft:time_since_rest":8877,"minecraft:interact_with_furnace":4,"minecraft:sprint_one_cm":48478,"minecraft:damage_taken":758,"minecraft:walk_one_cm":97511,"minecraft:mob_kills":6,"minecraft:drop":11,"minecraft:damage_dealt":474,"minecraft:interact_with_crafting_table":6,"minecraft:fly_one_cm":13847,"minecraft:open_chest":4,"minecraft:play_one_minute":17240,"minecraft:deaths":3,"minecraft:walk_under_water_one_cm":1211,"minecraft:jump":190,"minecraft:walk_on_water_one_cm":13641,"minecraft:time_since_death":8844,"minecraft:fall_one_cm":1105},"minecraft:killed_by":{"minecraft:skeleton":2,"minecraft:creeper":1},"minecraft:mined":{"minecraft:birch_log":50,"minecraft:birch_leaves":6,"minecraft:grass":1,"minecraft:stone":12}},"DataVersion":2586}