{"stats":{"minecraft:broken":{"minecraft:wooden_axe":1},"minecraft:dropped":{"minecraft:apple":1,"minecraft:wooden_axe":1,"minecraft:birch_log":11},"minecraft:killed_by":{"minecraft:player":2,"minecraft:skeleton":7,"minecraft:creeper":4,"minecraft:witch":4,"minecraft:drowned":1},"minecraft:killed":{"minecraft:spider":1,"minecraft:creeper":1,"minecraft:sheep":2,"minecraft:skeleton":1,"minecraft:zombie":6,"minecraft:chicken":1},"minecraft:mined":{"minecraft:acacia_leaves":13,"minecraft:acacia_log":13,"minecraft:tall_grass":1,"minecraft:birch_log":56,"minecraft:birch_leaves":6,"minecraft:grass":1,"minecraft:coal_ore":24,"minecraft:dirt":1,"minecraft:acacia_planks":1,"minecraft:stone":33},"minecraft:used":{"minecraft:cooked_mutton":2,"minecraft:stone_pickaxe":45,"minecraft:chest":2,"minecraft:wooden_pickaxe":12,"minecraft:rotten_flesh":5,"minecraft:torch":13,"minecraft:crafting_table":1,"minecraft:acacia_sapling":2,"minecraft:wooden_axe":80,"minecraft:wooden_sword":61,"minecraft:furnace":1,"minecraft:acacia_planks":33},"minecraft:custom":{"minecraft:interact_with_furnace":7,"minecraft:mob_kills":15,"minecraft:interact_with_crafting_table":18,"minecraft:play_one_minute":68801,"minecraft:leave_game":4,"minecraft:time_since_death":4058,"minecraft:time_since_rest":4088,"minecraft:sprint_one_cm":152829,"minecraft:damage_taken":5452,"minecraft:walk_one_cm":233719,"minecraft:drop":13,"minecraft:damage_dealt":3367,"minecraft:swim_one_cm":12369,"minecraft:fly_one_cm":75386,"minecraft:player_kills":1,"minecraft:open_chest":8,"minecraft:crouch_one_cm":969,"minecraft:deaths":19,"minecraft:sneak_time":541,"minecraft:walk_under_water_one_cm":23696,"minecraft:jump":766,"minecraft:walk_on_water_one_cm":79710,"minecraft:fall_one_cm":12044},"minecraft:picked_up":{"minecraft:birch_log":125,"minecraft:feather":6,"minecraft:chicken":3,"minecraft:wooden_pickaxe":1,"minecraft:birch_planks":12,"minecraft:gunpowder":5,"minecraft:string":12,"minecraft:dirt":134,"minecraft:wooden_sword":4,"minecraft:cooked_mutton":4,"minecraft:bone":5,"minecraft:acacia_planks":33,"minecraft:apple":1,"minecraft:wheat_seeds":4,"minecraft:stone_pickaxe":1,"minecraft:iron_ingot":6,"minecraft:poppy":1,"minecraft:birch_sapling":57,"minecraft:acacia_sapling":2,"minecraft:egg":4,"minecraft:stick":71,"minecraft:torch":15,"minecraft:acacia_log":13,"minecraft:spider_eye":1,"minecraft:arrow":4,"minecraft:rotten_flesh":72,"minecraft:mutton":4,"minecraft:coal":63,"minecraft:white_wool":6,"minecraft:cobblestone":143},"minecraft:crafted":{"minecraft:wooden_sword":3,"minecraft:wooden_shovel":2,"minecraft:crafting_table":1,"minecraft:wooden_pickaxe":1,"minecraft:furnace":1,"minecraft:birch_planks":56,"minecraft:cooked_mutton":4,"minecraft:air":0,"minecraft:wooden_hoe":1,"minecraft:charcoal":9,"minecraft:stick":32,"minecraft:iron_ingot":3,"minecraft:stone_pickaxe":1,"minecraft:wooden_axe":3,"minecraft:chest":2,"minecraft:acacia_planks":52,"minecraft:torch":20}},"DataVersion":2586}