{"stats":{"minecraft:killed":{"minecraft:zombie":1},"minecraft:used":{"minecraft:rotten_flesh":1},"minecraft:picked_up":{"minecraft:rotten_flesh":2,"minecraft:birch_log":22},"minecraft:dropped":{"minecraft:birch_log":11},"minecraft:crafted":{"minecraft:birch_planks":44},"minecraft:custom":{"minecraft:open_chest":1,"minecraft:time_since_rest":4324,"minecraft:play_one_minute":5240,"minecraft:sprint_one_cm":16398,"minecraft:walk_one_cm":29791,"minecraft:damage_taken":468,"minecraft:deaths":1,"minecraft:walk_under_water_one_cm":547,"minecraft:mob_kills":2,"minecraft:drop":11,"minecraft:jump":55,"minecraft:damage_dealt":264,"minecraft:time_since_death":4300,"minecraft:walk_on_water_one_cm":5350,"minecraft:interact_with_crafting_table":1,"minecraft:fly_one_cm":3966},"minecraft:mined":{"minecraft:birch_log":2,"minecraft:birch_leaves":3},"minecraft:killed_by":{"minecraft:creeper":1}},"DataVersion":2586}