{"stats":{"minecraft:broken":{"minecraft:wooden_axe":1},"minecraft:dropped":{"minecraft:wooden_axe":1,"minecraft:birch_log":11},"minecraft:killed_by":{"minecraft:player":2,"minecraft:drowned":1,"minecraft:skeleton":7,"minecraft:creeper":4,"minecraft:witch":4},"minecraft:killed":{"minecraft:sheep":2,"minecraft:skeleton":1,"minecraft:zombie":6,"minecraft:chicken":1},"minecraft:used":{"minecraft:wooden_axe":78,"minecraft:cooked_mutton":2,"minecraft:stone_pickaxe":45,"minecraft:wooden_pickaxe":12,"minecraft:rotten_flesh":5,"minecraft:wooden_sword":49,"minecraft:torch":13,"minecraft:crafting_table":1,"minecraft:furnace":1,"minecraft:acacia_sapling":2,"minecraft:acacia_planks":16},"minecraft:mined":{"minecraft:acacia_leaves":11,"minecraft:birch_log":56,"minecraft:birch_leaves":6,"minecraft:grass":1,"minecraft:acacia_log":13,"minecraft:coal_ore":24,"minecraft:tall_grass":1,"minecraft:stone":33},"minecraft:custom":{"minecraft:time_since_rest":11200,"minecraft:interact_with_furnace":7,"minecraft:sprint_one_cm":149034,"minecraft:damage_taken":5202,"minecraft:walk_one_cm":216741,"minecraft:mob_kills":13,"minecraft:drop":12,"minecraft:damage_dealt":3006,"minecraft:swim_one_cm":7505,"minecraft:interact_with_crafting_table":13,"minecraft:fly_one_cm":72165,"minecraft:player_kills":1,"minecraft:open_chest":5,"minecraft:play_one_minute":56840,"minecraft:deaths":18,"minecraft:sneak_time":179,"minecraft:walk_under_water_one_cm":23483,"minecraft:jump":679,"minecraft:leave_game":3,"minecraft:time_since_death":11165,"minecraft:walk_on_water_one_cm":79264,"minecraft:fall_one_cm":10241},"minecraft:picked_up":{"minecraft:birch_log":125,"minecraft:stick":70,"minecraft:feather":6,"minecraft:chicken":3,"minecraft:torch":15,"minecraft:acacia_log":13,"minecraft:birch_planks":12,"minecraft:gunpowder":4,"minecraft:dirt":131,"minecraft:string":11,"minecraft:wooden_sword":4,"minecraft:cooked_mutton":4,"minecraft:bone":5,"minecraft:arrow":4,"minecraft:rotten_flesh":72,"minecraft:wheat_seeds":4,"minecraft:iron_ingot":6,"minecraft:stone_pickaxe":1,"minecraft:poppy":1,"minecraft:acacia_sapling":2,"minecraft:birch_sapling":57,"minecraft:mutton":4,"minecraft:coal":63,"minecraft:white_wool":6,"minecraft:cobblestone":143,"minecraft:egg":4},"minecraft:crafted":{"minecraft:wooden_sword":1,"minecraft:wooden_shovel":1,"minecraft:charcoal":9,"minecraft:crafting_table":1,"minecraft:stick":32,"minecraft:wooden_pickaxe":1,"minecraft:iron_ingot":3,"minecraft:stone_pickaxe":1,"minecraft:wooden_axe":3,"minecraft:furnace":1,"minecraft:acacia_planks":28,"minecraft:birch_planks":56,"minecraft:torch":20,"minecraft:air":0,"minecraft:cooked_mutton":4}},"DataVersion":2586}