{"stats":{"minecraft:broken":{"minecraft:wooden_axe":1},"minecraft:killed":{"minecraft:sheep":2,"minecraft:skeleton":1,"minecraft:zombie":4,"minecraft:chicken":1},"minecraft:used":{"minecraft:cooked_mutton":2,"minecraft:wooden_axe":59,"minecraft:stone_pickaxe":45,"minecraft:wooden_pickaxe":12,"minecraft:rotten_flesh":3,"minecraft:torch":13,"minecraft:wooden_sword":37,"minecraft:furnace":1},"minecraft:picked_up":{"minecraft:birch_log":93,"minecraft:stick":67,"minecraft:feather":6,"minecraft:chicken":3,"minecraft:torch":14,"minecraft:birch_planks":12,"minecraft:dirt":88,"minecraft:string":10,"minecraft:wooden_sword":3,"minecraft:cooked_mutton":4,"minecraft:bone":2,"minecraft:rotten_flesh":69,"minecraft:wheat_seeds":3,"minecraft:iron_ingot":6,"minecraft:stone_pickaxe":1,"minecraft:poppy":1,"minecraft:coal":63,"minecraft:birch_sapling":57,"minecraft:mutton":4,"minecraft:white_wool":6,"minecraft:cobblestone":99,"minecraft:egg":4},"minecraft:dropped":{"minecraft:birch_log":11},"minecraft:crafted":{"minecraft:wooden_sword":1,"minecraft:charcoal":9,"minecraft:stick":28,"minecraft:iron_ingot":3,"minecraft:wooden_pickaxe":1,"minecraft:stone_pickaxe":1,"minecraft:wooden_axe":1,"minecraft:furnace":1,"minecraft:torch":20,"minecraft:birch_planks":56,"minecraft:air":0,"minecraft:cooked_mutton":4},"minecraft:custom":{"minecraft:time_since_rest":639,"minecraft:interact_with_furnace":7,"minecraft:sprint_one_cm":96380,"minecraft:damage_taken":1874,"minecraft:walk_one_cm":166391,"minecraft:mob_kills":11,"minecraft:drop":11,"minecraft:damage_dealt":1623,"minecraft:player_kills":1,"minecraft:interact_with_crafting_table":9,"minecraft:fly_one_cm":28626,"minecraft:open_chest":4,"minecraft:play_one_minute":29240,"minecraft:deaths":7,"minecraft:walk_under_water_one_cm":2613,"minecraft:jump":341,"minecraft:walk_on_water_one_cm":36315,"minecraft:time_since_death":605,"minecraft:fall_one_cm":2274},"minecraft:killed_by":{"minecraft:player":1,"minecraft:skeleton":3,"minecraft:creeper":3},"minecraft:mined":{"minecraft:birch_log":56,"minecraft:birch_leaves":6,"minecraft:grass":1,"minecraft:coal_ore":24,"minecraft:stone":33}},"DataVersion":2586}