{"stats":{"minecraft:broken":{"minecraft:wooden_axe":1},"minecraft:killed_by":{"minecraft:player":3,"minecraft:skeleton":10,"minecraft:creeper":7,"minecraft:witch":4,"minecraft:drowned":1},"minecraft:dropped":{"minecraft:furnace":1,"minecraft:stone_sword":1,"minecraft:apple":1,"minecraft:wooden_axe":2,"minecraft:stone_pickaxe":1,"minecraft:acacia_door":3,"minecraft:birch_log":11},"minecraft:killed":{"minecraft:spider":2,"minecraft:creeper":1,"minecraft:sheep":2,"minecraft:skeleton":1,"minecraft:pillager":2,"minecraft:zombie":9,"minecraft:chicken":1},"minecraft:mined":{"minecraft:acacia_leaves":15,"minecraft:farmland":7,"minecraft:ladder":3,"minecraft:acacia_log":17,"minecraft:grass_block":17,"minecraft:tall_grass":7,"minecraft:birch_log":56,"minecraft:iron_ore":10,"minecraft:birch_leaves":6,"minecraft:grass":36,"minecraft:coal_ore":26,"minecraft:acacia_door":1,"minecraft:sand":9,"minecraft:dirt":22,"minecraft:acacia_planks":2,"minecraft:stone":90},"minecraft:used":{"minecraft:wheat_seeds":12,"minecraft:cooked_mutton":2,"minecraft:stone_sword":41,"minecraft:stone_shovel":32,"minecraft:stone_pickaxe":88,"minecraft:ladder":9,"minecraft:chest":2,"minecraft:wooden_pickaxe":38,"minecraft:wooden_shovel":19,"minecraft:sugar_cane":7,"minecraft:stone_hoe":22,"minecraft:rotten_flesh":5,"minecraft:torch":13,"minecraft:dirt":63,"minecraft:crafting_table":1,"minecraft:acacia_sapling":8,"minecraft:wooden_axe":85,"minecraft:wooden_hoe":20,"minecraft:apple":1,"minecraft:stone_axe":5,"minecraft:wooden_sword":61,"minecraft:acacia_pressure_plate":1,"minecraft:furnace":1,"minecraft:cooked_porkchop":3,"minecraft:acacia_planks":47},"minecraft:custom":{"minecraft:interact_with_furnace":12,"minecraft:mob_kills":23,"minecraft:interact_with_crafting_table":34,"minecraft:play_one_minute":113706,"minecraft:leave_game":6,"minecraft:time_since_death":22966,"minecraft:climb_one_cm":3333,"minecraft:time_since_rest":22991,"minecraft:sprint_one_cm":195860,"minecraft:damage_taken":7767,"minecraft:walk_one_cm":415850,"minecraft:drop":18,"minecraft:damage_dealt":5094,"minecraft:swim_one_cm":36164,"minecraft:fly_one_cm":162228,"minecraft:player_kills":2,"minecraft:open_chest":31,"minecraft:crouch_one_cm":1136,"minecraft:deaths":26,"minecraft:sneak_time":738,"minecraft:walk_under_water_one_cm":26799,"minecraft:jump":1461,"minecraft:walk_on_water_one_cm":93188,"minecraft:fall_one_cm":25965},"minecraft:picked_up":{"minecraft:wooden_axe":3,"minecraft:birch_log":125,"minecraft:feather":6,"minecraft:chicken":3,"minecraft:ladder":3,"minecraft:wooden_pickaxe":1,"minecraft:birch_planks":12,"minecraft:oak_log":5,"minecraft:gunpowder":6,"minecraft:wooden_hoe":1,"minecraft:dirt":259,"minecraft:string":18,"minecraft:wooden_sword":4,"minecraft:cooked_mutton":4,"minecraft:bone":9,"minecraft:acacia_planks":54,"minecraft:apple":1,"minecraft:wheat_seeds":35,"minecraft:iron_ingot":6,"minecraft:stone_pickaxe":5,"minecraft:iron_ore":4,"minecraft:wooden_shovel":1,"minecraft:poppy":1,"minecraft:sugar_cane":10,"minecraft:birch_sapling":57,"minecraft:stone_hoe":1,"minecraft:oak_planks":2,"minecraft:acacia_sapling":9,"minecraft:egg":4,"minecraft:stick":79,"minecraft:torch":15,"minecraft:acacia_log":188,"minecraft:porkchop":4,"minecraft:sand":48,"minecraft:spider_eye":2,"minecraft:stone_sword":5,"minecraft:arrow":10,"minecraft:stone_shovel":3,"minecraft:rotten_flesh":82,"minecraft:stone_axe":2,"minecraft:oak_sapling":3,"minecraft:mutton":4,"minecraft:coal":65,"minecraft:white_wool":6,"minecraft:cobblestone":280},"minecraft:crafted":{"minecraft:wooden_sword":3,"minecraft:wooden_shovel":2,"minecraft:stone_shovel":1,"minecraft:cooked_porkchop":3,"minecraft:crafting_table":1,"minecraft:acacia_pressure_plate":1,"minecraft:wooden_pickaxe":1,"minecraft:furnace":2,"minecraft:birch_planks":56,"minecraft:stone_axe":1,"minecraft:cooked_mutton":4,"minecraft:air":0,"minecraft:wooden_hoe":1,"minecraft:charcoal":9,"minecraft:ladder":9,"minecraft:stick":76,"minecraft:iron_ingot":3,"minecraft:stone_pickaxe":4,"minecraft:wooden_axe":5,"minecraft:stone_sword":4,"minecraft:chest":2,"minecraft:acacia_door":3,"minecraft:acacia_planks":116,"minecraft:torch":20,"minecraft:stone_hoe":1}},"DataVersion":2586}