{"stats":{"minecraft:broken":{"minecraft:wooden_axe":1},"minecraft:dropped":{"minecraft:birch_log":11},"minecraft:killed_by":{"minecraft:player":1,"minecraft:drowned":1,"minecraft:skeleton":7,"minecraft:creeper":4,"minecraft:witch":4},"minecraft:mined":{"minecraft:birch_log":56,"minecraft:birch_leaves":6,"minecraft:grass":1,"minecraft:coal_ore":24,"minecraft:stone":33},"minecraft:killed":{"minecraft:sheep":2,"minecraft:skeleton":1,"minecraft:zombie":6,"minecraft:chicken":1},"minecraft:used":{"minecraft:wooden_axe":59,"minecraft:cooked_mutton":2,"minecraft:stone_pickaxe":45,"minecraft:wooden_pickaxe":12,"minecraft:rotten_flesh":5,"minecraft:wooden_sword":49,"minecraft:torch":13,"minecraft:furnace":1},"minecraft:custom":{"minecraft:time_since_rest":837,"minecraft:interact_with_furnace":7,"minecraft:sprint_one_cm":138080,"minecraft:damage_taken":4789,"minecraft:walk_one_cm":194161,"minecraft:mob_kills":13,"minecraft:drop":11,"minecraft:damage_dealt":2939,"minecraft:swim_one_cm":2697,"minecraft:interact_with_crafting_table":10,"minecraft:fly_one_cm":58482,"minecraft:player_kills":1,"minecraft:open_chest":5,"minecraft:play_one_minute":44840,"minecraft:deaths":17,"minecraft:sneak_time":152,"minecraft:walk_under_water_one_cm":21879,"minecraft:jump":516,"minecraft:leave_game":3,"minecraft:time_since_death":779,"minecraft:walk_on_water_one_cm":75416,"minecraft:fall_one_cm":6801},"minecraft:picked_up":{"minecraft:birch_log":125,"minecraft:stick":68,"minecraft:feather":6,"minecraft:chicken":3,"minecraft:torch":15,"minecraft:birch_planks":12,"minecraft:gunpowder":4,"minecraft:dirt":131,"minecraft:string":11,"minecraft:wooden_sword":4,"minecraft:cooked_mutton":4,"minecraft:bone":5,"minecraft:arrow":4,"minecraft:rotten_flesh":72,"minecraft:wheat_seeds":3,"minecraft:iron_ingot":6,"minecraft:stone_pickaxe":1,"minecraft:poppy":1,"minecraft:birch_sapling":57,"minecraft:mutton":4,"minecraft:coal":63,"minecraft:white_wool":6,"minecraft:cobblestone":143,"minecraft:egg":4},"minecraft:crafted":{"minecraft:wooden_sword":1,"minecraft:wooden_shovel":1,"minecraft:charcoal":9,"minecraft:stick":28,"minecraft:wooden_pickaxe":1,"minecraft:iron_ingot":3,"minecraft:stone_pickaxe":1,"minecraft:wooden_axe":1,"minecraft:furnace":1,"minecraft:birch_planks":56,"minecraft:torch":20,"minecraft:air":0,"minecraft:cooked_mutton":4}},"DataVersion":2586}