{"stats":{"minecraft:broken":{"minecraft:wooden_axe":1},"minecraft:dropped":{"minecraft:apple":1,"minecraft:wooden_axe":2,"minecraft:birch_log":11},"minecraft:killed_by":{"minecraft:player":3,"minecraft:skeleton":10,"minecraft:creeper":7,"minecraft:witch":4,"minecraft:drowned":1},"minecraft:killed":{"minecraft:spider":2,"minecraft:creeper":1,"minecraft:sheep":2,"minecraft:skeleton":1,"minecraft:zombie":8,"minecraft:chicken":1},"minecraft:mined":{"minecraft:acacia_leaves":15,"minecraft:farmland":7,"minecraft:acacia_log":17,"minecraft:grass_block":17,"minecraft:tall_grass":7,"minecraft:birch_log":56,"minecraft:birch_leaves":6,"minecraft:grass":36,"minecraft:coal_ore":24,"minecraft:sand":9,"minecraft:dirt":8,"minecraft:acacia_planks":1,"minecraft:stone":59},"minecraft:used":{"minecraft:wheat_seeds":12,"minecraft:cooked_mutton":2,"minecraft:stone_sword":19,"minecraft:stone_shovel":32,"minecraft:stone_pickaxe":45,"minecraft:chest":2,"minecraft:wooden_pickaxe":38,"minecraft:sugar_cane":7,"minecraft:wooden_shovel":19,"minecraft:stone_hoe":22,"minecraft:rotten_flesh":5,"minecraft:torch":13,"minecraft:dirt":30,"minecraft:crafting_table":1,"minecraft:acacia_sapling":8,"minecraft:wooden_axe":85,"minecraft:wooden_hoe":20,"minecraft:apple":1,"minecraft:stone_axe":5,"minecraft:wooden_sword":61,"minecraft:furnace":1,"minecraft:acacia_planks":33},"minecraft:custom":{"minecraft:interact_with_furnace":7,"minecraft:mob_kills":19,"minecraft:interact_with_crafting_table":25,"minecraft:play_one_minute":94388,"minecraft:leave_game":4,"minecraft:time_since_death":3648,"minecraft:time_since_rest":3673,"minecraft:sprint_one_cm":184271,"minecraft:damage_taken":7347,"minecraft:walk_one_cm":333418,"minecraft:drop":14,"minecraft:damage_dealt":4106,"minecraft:swim_one_cm":33765,"minecraft:fly_one_cm":139049,"minecraft:player_kills":2,"minecraft:open_chest":22,"minecraft:crouch_one_cm":1052,"minecraft:deaths":26,"minecraft:sneak_time":647,"minecraft:walk_under_water_one_cm":26078,"minecraft:jump":1196,"minecraft:walk_on_water_one_cm":90130,"minecraft:fall_one_cm":20720},"minecraft:picked_up":{"minecraft:wooden_axe":2,"minecraft:birch_log":125,"minecraft:feather":6,"minecraft:chicken":3,"minecraft:wooden_pickaxe":1,"minecraft:birch_planks":12,"minecraft:oak_log":5,"minecraft:gunpowder":6,"minecraft:wooden_hoe":1,"minecraft:dirt":245,"minecraft:string":18,"minecraft:wooden_sword":4,"minecraft:cooked_mutton":4,"minecraft:bone":9,"minecraft:acacia_planks":53,"minecraft:apple":1,"minecraft:wheat_seeds":35,"minecraft:stone_pickaxe":4,"minecraft:iron_ingot":6,"minecraft:wooden_shovel":1,"minecraft:poppy":1,"minecraft:sugar_cane":7,"minecraft:oak_planks":2,"minecraft:birch_sapling":57,"minecraft:acacia_sapling":9,"minecraft:egg":4,"minecraft:stick":77,"minecraft:torch":15,"minecraft:acacia_log":188,"minecraft:porkchop":4,"minecraft:sand":47,"minecraft:spider_eye":2,"minecraft:stone_shovel":3,"minecraft:stone_sword":3,"minecraft:arrow":10,"minecraft:rotten_flesh":82,"minecraft:stone_axe":2,"minecraft:mutton":4,"minecraft:coal":63,"minecraft:white_wool":6,"minecraft:cobblestone":240},"minecraft:crafted":{"minecraft:wooden_sword":3,"minecraft:wooden_shovel":2,"minecraft:stone_shovel":1,"minecraft:crafting_table":1,"minecraft:wooden_pickaxe":1,"minecraft:furnace":1,"minecraft:birch_planks":56,"minecraft:stone_axe":1,"minecraft:cooked_mutton":4,"minecraft:air":0,"minecraft:wooden_hoe":1,"minecraft:charcoal":9,"minecraft:stick":44,"minecraft:iron_ingot":3,"minecraft:stone_pickaxe":3,"minecraft:wooden_axe":5,"minecraft:stone_sword":2,"minecraft:chest":2,"minecraft:acacia_planks":116,"minecraft:torch":20,"minecraft:stone_hoe":1}},"DataVersion":2586}