{"stats":{"minecraft:broken":{"minecraft:wooden_axe":1},"minecraft:killed_by":{"minecraft:skeleton":1},"minecraft:killed":{"minecraft:spider":1,"minecraft:zombie":4},"minecraft:used":{"minecraft:wooden_axe":20,"minecraft:sand":5,"minecraft:sugar_cane":3},"minecraft:mined":{"minecraft:grass":21,"minecraft:sand":7,"minecraft:birch_log":2,"minecraft:tall_grass":3,"minecraft:sugar_cane":3},"minecraft:custom":{"minecraft:open_chest":2,"minecraft:time_since_rest":20624,"minecraft:play_one_minute":35418,"minecraft:sprint_one_cm":26075,"minecraft:damage_taken":530,"minecraft:walk_one_cm":36457,"minecraft:deaths":2,"minecraft:sneak_time":4,"minecraft:walk_under_water_one_cm":2004,"minecraft:mob_kills":5,"minecraft:jump":213,"minecraft:damage_dealt":951,"minecraft:leave_game":7,"minecraft:time_since_death":20599,"minecraft:walk_on_water_one_cm":4098,"minecraft:fall_one_cm":4536,"minecraft:fly_one_cm":44912},"minecraft:picked_up":{"minecraft:birch_log":1,"minecraft:rotten_flesh":1,"minecraft:wheat_seeds":2,"minecraft:sand":15,"minecraft:sugar_cane":5,"minecraft:string":2},"minecraft:crafted":{"minecraft:birch_planks":4,"minecraft:stick":8}},"DataVersion":2586}