{"stats":{"minecraft:broken":{"minecraft:wooden_axe":1},"minecraft:killed_by":{"minecraft:skeleton":1,"minecraft:creeper":1},"minecraft:killed":{"minecraft:spider":1,"minecraft:zombie":4},"minecraft:mined":{"minecraft:grass":21,"minecraft:sand":9,"minecraft:birch_log":2,"minecraft:tall_grass":3,"minecraft:sugar_cane":3},"minecraft:used":{"minecraft:apple":1,"minecraft:wooden_axe":20,"minecraft:sand":6,"minecraft:sugar_cane":3},"minecraft:custom":{"minecraft:open_chest":3,"minecraft:time_since_rest":8552,"minecraft:crouch_one_cm":197,"minecraft:play_one_minute":71418,"minecraft:sprint_one_cm":29788,"minecraft:damage_taken":783,"minecraft:walk_one_cm":45019,"minecraft:deaths":3,"minecraft:sneak_time":95,"minecraft:walk_under_water_one_cm":3489,"minecraft:mob_kills":5,"minecraft:jump":283,"minecraft:damage_dealt":981,"minecraft:leave_game":7,"minecraft:time_since_death":8519,"minecraft:walk_on_water_one_cm":5139,"minecraft:swim_one_cm":9616,"minecraft:fall_one_cm":5888,"minecraft:fly_one_cm":55630},"minecraft:picked_up":{"minecraft:birch_log":1,"minecraft:apple":1,"minecraft:rotten_flesh":1,"minecraft:wheat_seeds":2,"minecraft:sand":17,"minecraft:sugar_cane":7,"minecraft:string":2,"minecraft:wooden_axe":2},"minecraft:crafted":{"minecraft:birch_planks":4,"minecraft:stick":8}},"DataVersion":2586}