{"stats":{"minecraft:broken":{"minecraft:wooden_axe":1},"minecraft:killed_by":{"minecraft:player":1,"minecraft:skeleton":2,"minecraft:creeper":1},"minecraft:killed":{"minecraft:zombie":4,"minecraft:pig":4,"minecraft:spider":1},"minecraft:mined":{"minecraft:acacia_leaves":3,"minecraft:birch_log":2,"minecraft:grass":29,"minecraft:acacia_log":13,"minecraft:grass_block":1,"minecraft:oak_log":16,"minecraft:sand":9,"minecraft:tall_grass":4,"minecraft:sugar_cane":6},"minecraft:used":{"minecraft:wooden_axe":20,"minecraft:apple":1,"minecraft:sugar_cane":4,"minecraft:stone_axe":42,"minecraft:sand":6,"minecraft:oak_sapling":1},"minecraft:custom":{"minecraft:time_since_rest":6311,"minecraft:interact_with_furnace":1,"minecraft:sprint_one_cm":55574,"minecraft:damage_taken":1296,"minecraft:walk_one_cm":80352,"minecraft:mob_kills":9,"minecraft:damage_dealt":1408,"minecraft:swim_one_cm":13133,"minecraft:interact_with_crafting_table":1,"minecraft:fly_one_cm":116062,"minecraft:open_chest":4,"minecraft:play_one_minute":109544,"minecraft:crouch_one_cm":2119,"minecraft:deaths":5,"minecraft:sneak_time":742,"minecraft:walk_under_water_one_cm":3904,"minecraft:jump":562,"minecraft:leave_game":9,"minecraft:time_since_death":6287,"minecraft:walk_on_water_one_cm":5555,"minecraft:climb_one_cm":611,"minecraft:fall_one_cm":15260},"minecraft:picked_up":{"minecraft:wooden_axe":2,"minecraft:birch_log":1,"minecraft:acacia_log":12,"minecraft:porkchop":7,"minecraft:sand":17,"minecraft:oak_log":16,"minecraft:string":3,"minecraft:dirt":2,"minecraft:rotten_flesh":1,"minecraft:apple":1,"minecraft:stone_axe":1,"minecraft:wheat_seeds":3,"minecraft:oak_sapling":1,"minecraft:sugar_cane":10,"minecraft:stone_hoe":1,"minecraft:cobblestone":9},"minecraft:crafted":{"minecraft:stick":8,"minecraft:acacia_planks":16,"minecraft:birch_planks":4}},"DataVersion":2586}