{"stats":{"minecraft:broken":{"minecraft:wooden_axe":1},"minecraft:killed":{"minecraft:spider":1,"minecraft:zombie":4},"minecraft:used":{"minecraft:wooden_axe":20},"minecraft:picked_up":{"minecraft:birch_log":1,"minecraft:rotten_flesh":1,"minecraft:wheat_seeds":1,"minecraft:sugar_cane":2,"minecraft:string":2},"minecraft:crafted":{"minecraft:birch_planks":4,"minecraft:stick":8},"minecraft:custom":{"minecraft:time_since_rest":405,"minecraft:open_chest":2,"minecraft:play_one_minute":8698,"minecraft:sprint_one_cm":8694,"minecraft:deaths":1,"minecraft:damage_taken":300,"minecraft:walk_one_cm":13932,"minecraft:walk_under_water_one_cm":220,"minecraft:mob_kills":5,"minecraft:jump":56,"minecraft:damage_dealt":887,"minecraft:leave_game":5,"minecraft:walk_on_water_one_cm":1229,"minecraft:time_since_death":323,"minecraft:fall_one_cm":687,"minecraft:fly_one_cm":6998},"minecraft:killed_by":{"minecraft:skeleton":1},"minecraft:mined":{"minecraft:grass":4,"minecraft:birch_log":2,"minecraft:sugar_cane":1}},"DataVersion":2586}