{"stats":{"minecraft:picked_up":{"minecraft:birch_log":1,"minecraft:wheat_seeds":1},"minecraft:crafted":{"minecraft:birch_planks":4,"minecraft:stick":8},"minecraft:custom":{"minecraft:jump":20,"minecraft:play_one_minute":6858,"minecraft:leave_game":4,"minecraft:sprint_one_cm":2605,"minecraft:time_since_death":6858,"minecraft:walk_on_water_one_cm":555,"minecraft:walk_one_cm":2559,"minecraft:walk_under_water_one_cm":110,"minecraft:fall_one_cm":209,"minecraft:fly_one_cm":2051,"minecraft:time_since_rest":6858},"minecraft:mined":{"minecraft:birch_log":2,"minecraft:grass":4}},"DataVersion":2586}