{"stats":{"minecraft:crafted":{"minecraft:birch_planks":4,"minecraft:stick":8},"minecraft:killed":{"minecraft:spider":1,"minecraft:zombie":4},"minecraft:picked_up":{"minecraft:birch_log":1,"minecraft:rotten_flesh":1,"minecraft:wheat_seeds":2,"minecraft:sand":5,"minecraft:sugar_cane":2,"minecraft:string":2},"minecraft:custom":{"minecraft:open_chest":2,"minecraft:time_since_rest":5224,"minecraft:play_one_minute":13517,"minecraft:sprint_one_cm":25209,"minecraft:damage_taken":480,"minecraft:walk_one_cm":33349,"minecraft:deaths":1,"minecraft:sneak_time":4,"minecraft:walk_under_water_one_cm":2004,"minecraft:mob_kills":5,"minecraft:jump":202,"minecraft:damage_dealt":933,"minecraft:leave_game":7,"minecraft:time_since_death":5142,"minecraft:walk_on_water_one_cm":4098,"minecraft:fall_one_cm":3520,"minecraft:fly_one_cm":44249},"minecraft:killed_by":{"minecraft:skeleton":1},"minecraft:mined":{"minecraft:grass":21,"minecraft:sand":6,"minecraft:birch_log":2,"minecraft:tall_grass":3,"minecraft:sugar_cane":1},"minecraft:broken":{"minecraft:wooden_axe":1},"minecraft:used":{"minecraft:wooden_axe":20,"minecraft:sand":5}},"DataVersion":2586}