{"stats":{"minecraft:killed_by":{"minecraft:skeleton":1,"minecraft:creeper":1},"minecraft:dropped":{"minecraft:apple":1,"minecraft:wooden_pickaxe":1,"minecraft:acacia_planks":32},"minecraft:mined":{"minecraft:acacia_leaves":11,"minecraft:crafting_table":1,"minecraft:grass":11,"minecraft:acacia_log":11,"minecraft:grass_block":3,"minecraft:oak_log":16,"minecraft:dirt":8,"minecraft:sand":10,"minecraft:tall_grass":3,"minecraft:stone":37,"minecraft:oak_planks":1,"minecraft:diorite":3,"minecraft:oak_leaves":6},"minecraft:killed":{"minecraft:skeleton":2,"minecraft:drowned":1},"minecraft:used":{"minecraft:oak_log":1,"minecraft:wooden_axe":34,"minecraft:oak_planks":61,"minecraft:wooden_pickaxe":45,"minecraft:dirt":6,"minecraft:sand":2,"minecraft:crafting_table":1,"minecraft:acacia_planks":4},"minecraft:custom":{"minecraft:time_since_rest":273,"minecraft:sprint_one_cm":28590,"minecraft:damage_taken":820,"minecraft:walk_one_cm":48791,"minecraft:mob_kills":3,"minecraft:drop":3,"minecraft:damage_dealt":444,"minecraft:interact_with_crafting_table":5,"minecraft:swim_one_cm":7267,"minecraft:fly_one_cm":30912,"minecraft:player_kills":1,"minecraft:open_chest":4,"minecraft:crouch_one_cm":4786,"minecraft:play_one_minute":25537,"minecraft:deaths":3,"minecraft:sneak_time":1596,"minecraft:walk_under_water_one_cm":1372,"minecraft:jump":298,"minecraft:leave_game":1,"minecraft:walk_on_water_one_cm":4298,"minecraft:time_since_death":239,"minecraft:fall_one_cm":9580},"minecraft:picked_up":{"minecraft:wooden_axe":1,"minecraft:crafting_table":1,"minecraft:stick":10,"minecraft:acacia_log":11,"minecraft:sand":18,"minecraft:oak_log":16,"minecraft:diorite":3,"minecraft:dirt":9,"minecraft:apple":3,"minecraft:bone":1,"minecraft:arrow":3,"minecraft:acacia_planks":40,"minecraft:wheat_seeds":2,"minecraft:oak_sapling":7,"minecraft:oak_planks":1,"minecraft:acacia_sapling":6,"minecraft:cobblestone":37},"minecraft:crafted":{"minecraft:oak_planks":60,"minecraft:stick":4,"minecraft:wooden_pickaxe":2,"minecraft:acacia_planks":44}},"DataVersion":2586}