{"stats":{"minecraft:killed_by":{"minecraft:skeleton":1},"minecraft:used":{"minecraft:sand":2,"minecraft:wooden_axe":13},"minecraft:killed":{"minecraft:skeleton":2,"minecraft:drowned":1},"minecraft:mined":{"minecraft:grass":3,"minecraft:acacia_leaves":11,"minecraft:acacia_log":11,"minecraft:sand":10,"minecraft:crafting_table":1,"minecraft:oak_leaves":3,"minecraft:oak_log":4},"minecraft:custom":{"minecraft:time_since_rest":9905,"minecraft:play_one_minute":13537,"minecraft:crouch_one_cm":26,"minecraft:sprint_one_cm":15710,"minecraft:walk_one_cm":25918,"minecraft:damage_taken":360,"minecraft:deaths":1,"minecraft:sneak_time":33,"minecraft:walk_under_water_one_cm":300,"minecraft:mob_kills":3,"minecraft:jump":154,"minecraft:damage_dealt":414,"minecraft:leave_game":1,"minecraft:time_since_death":9870,"minecraft:walk_on_water_one_cm":1576,"minecraft:swim_one_cm":3832,"minecraft:interact_with_crafting_table":4,"minecraft:fall_one_cm":3489,"minecraft:fly_one_cm":16928,"minecraft:player_kills":1},"minecraft:picked_up":{"minecraft:stick":10,"minecraft:arrow":3,"minecraft:bone":1,"minecraft:acacia_planks":40,"minecraft:wheat_seeds":1,"minecraft:acacia_log":11,"minecraft:sand":18,"minecraft:oak_log":4,"minecraft:apple":1,"minecraft:oak_sapling":6,"minecraft:acacia_sapling":6,"minecraft:crafting_table":1,"minecraft:wooden_axe":1},"minecraft:crafted":{"minecraft:acacia_planks":40,"minecraft:stick":4,"minecraft:wooden_pickaxe":2}},"DataVersion":2586}