{"stats":{"minecraft:broken":{"minecraft:wooden_axe":1},"minecraft:killed_by":{"minecraft:player":1,"minecraft:skeleton":1,"minecraft:creeper":1,"minecraft:zombie":3,"minecraft:pillager":1},"minecraft:dropped":{"minecraft:sugar_cane":7,"minecraft:wheat_seeds":9,"minecraft:stone_sword":1,"minecraft:stone_shovel":1,"minecraft:apple":1,"minecraft:wooden_axe":1,"minecraft:spider_eye":1,"minecraft:wooden_pickaxe":1,"minecraft:acacia_planks":32},"minecraft:killed":{"minecraft:pig":2,"minecraft:skeleton":2,"minecraft:drowned":1},"minecraft:used":{"minecraft:stone_sword":48,"minecraft:oak_planks":137,"minecraft:wooden_pickaxe":45,"minecraft:torch":14,"minecraft:sand":2,"minecraft:dirt":15,"minecraft:crafting_table":2,"minecraft:oak_log":6,"minecraft:wooden_axe":86,"minecraft:acacia_stairs":20,"minecraft:acacia_door":4,"minecraft:stone_axe":102,"minecraft:furnace":1,"minecraft:oak_sapling":4,"minecraft:acacia_planks":210,"minecraft:bone_meal":9},"minecraft:mined":{"minecraft:acacia_leaves":20,"minecraft:oak_sapling":1,"minecraft:crafting_table":2,"minecraft:ladder":1,"minecraft:acacia_log":87,"minecraft:grass_block":4,"minecraft:dead_bush":4,"minecraft:tall_grass":11,"minecraft:oak_planks":5,"minecraft:sugar_cane":7,"minecraft:diorite":3,"minecraft:wall_torch":4,"minecraft:wheat":1,"minecraft:acacia_stairs":4,"minecraft:grass":52,"minecraft:oak_log":27,"minecraft:sand":10,"minecraft:dirt":18,"minecraft:acacia_planks":10,"minecraft:stone":37,"minecraft:oak_leaves":11},"minecraft:custom":{"minecraft:interact_with_furnace":5,"minecraft:mob_kills":5,"minecraft:interact_with_crafting_table":24,"minecraft:play_one_minute":77549,"minecraft:leave_game":2,"minecraft:time_since_death":2844,"minecraft:climb_one_cm":2709,"minecraft:time_since_rest":2885,"minecraft:sprint_one_cm":105862,"minecraft:damage_taken":2360,"minecraft:walk_one_cm":233197,"minecraft:drop":9,"minecraft:damage_dealt":1318,"minecraft:swim_one_cm":32268,"minecraft:fly_one_cm":139344,"minecraft:player_kills":3,"minecraft:open_chest":21,"minecraft:crouch_one_cm":6758,"minecraft:sneak_time":2709,"minecraft:deaths":9,"minecraft:walk_under_water_one_cm":6440,"minecraft:jump":1136,"minecraft:walk_on_water_one_cm":13425,"minecraft:fall_one_cm":31274},"minecraft:picked_up":{"minecraft:wooden_axe":3,"minecraft:crafting_table":2,"minecraft:ladder":2,"minecraft:oak_log":49,"minecraft:string":2,"minecraft:dirt":73,"minecraft:acacia_door":4,"minecraft:bone":1,"minecraft:acacia_planks":106,"minecraft:apple":4,"minecraft:wheat_seeds":24,"minecraft:stone_pickaxe":2,"minecraft:sugar_cane":7,"minecraft:oak_planks":5,"minecraft:acacia_sapling":11,"minecraft:furnace":1,"minecraft:stick":24,"minecraft:cooked_porkchop":8,"minecraft:torch":14,"minecraft:acacia_log":111,"minecraft:porkchop":4,"minecraft:sand":46,"minecraft:diorite":3,"minecraft:acacia_stairs":4,"minecraft:spider_eye":2,"minecraft:stone_sword":2,"minecraft:arrow":3,"minecraft:rotten_flesh":2,"minecraft:stone_shovel":1,"minecraft:stone_axe":2,"minecraft:bone_meal":15,"minecraft:oak_sapling":8,"minecraft:cobblestone":37},"minecraft:crafted":{"minecraft:oak_planks":132,"minecraft:cooked_porkchop":8,"minecraft:wooden_pickaxe":2,"minecraft:bone_meal":15,"minecraft:acacia_stairs":16,"minecraft:stone_axe":1,"minecraft:charcoal":4,"minecraft:stick":4,"minecraft:acacia_planks":272,"minecraft:torch":20}},"DataVersion":2586}