{"stats":{"minecraft:broken":{"minecraft:wooden_axe":1},"minecraft:killed_by":{"minecraft:player":1,"minecraft:skeleton":1,"minecraft:creeper":1,"minecraft:zombie":2},"minecraft:dropped":{"minecraft:sugar_cane":7,"minecraft:wheat_seeds":9,"minecraft:stone_shovel":1,"minecraft:apple":1,"minecraft:wooden_axe":1,"minecraft:spider_eye":1,"minecraft:wooden_pickaxe":1,"minecraft:acacia_planks":32},"minecraft:killed":{"minecraft:pig":2,"minecraft:skeleton":2,"minecraft:drowned":1},"minecraft:used":{"minecraft:stone_sword":20,"minecraft:oak_planks":108,"minecraft:wooden_pickaxe":45,"minecraft:sand":2,"minecraft:dirt":14,"minecraft:crafting_table":1,"minecraft:oak_log":1,"minecraft:wooden_axe":86,"minecraft:acacia_stairs":9,"minecraft:stone_axe":97,"minecraft:oak_sapling":3,"minecraft:acacia_planks":112,"minecraft:bone_meal":6},"minecraft:mined":{"minecraft:acacia_leaves":20,"minecraft:oak_sapling":1,"minecraft:crafting_table":1,"minecraft:acacia_log":85,"minecraft:grass_block":4,"minecraft:dead_bush":4,"minecraft:tall_grass":11,"minecraft:oak_planks":4,"minecraft:sugar_cane":7,"minecraft:diorite":3,"minecraft:acacia_stairs":1,"minecraft:grass":50,"minecraft:oak_log":27,"minecraft:sand":10,"minecraft:dirt":17,"minecraft:acacia_planks":8,"minecraft:stone":37,"minecraft:oak_leaves":7},"minecraft:custom":{"minecraft:mob_kills":5,"minecraft:interact_with_crafting_table":13,"minecraft:play_one_minute":55537,"minecraft:leave_game":1,"minecraft:time_since_death":5102,"minecraft:time_since_rest":5149,"minecraft:sprint_one_cm":82116,"minecraft:damage_taken":1860,"minecraft:walk_one_cm":142089,"minecraft:drop":8,"minecraft:damage_dealt":989,"minecraft:swim_one_cm":26956,"minecraft:fly_one_cm":113064,"minecraft:player_kills":2,"minecraft:open_chest":16,"minecraft:crouch_one_cm":6151,"minecraft:sneak_time":2431,"minecraft:deaths":7,"minecraft:walk_under_water_one_cm":4859,"minecraft:jump":867,"minecraft:walk_on_water_one_cm":10891,"minecraft:fall_one_cm":23916},"minecraft:picked_up":{"minecraft:wooden_axe":3,"minecraft:crafting_table":1,"minecraft:oak_log":33,"minecraft:dirt":69,"minecraft:bone":1,"minecraft:acacia_planks":104,"minecraft:apple":4,"minecraft:wheat_seeds":21,"minecraft:sugar_cane":7,"minecraft:oak_planks":4,"minecraft:acacia_sapling":11,"minecraft:stick":16,"minecraft:acacia_log":101,"minecraft:porkchop":4,"minecraft:sand":38,"minecraft:diorite":3,"minecraft:acacia_stairs":1,"minecraft:spider_eye":2,"minecraft:arrow":3,"minecraft:rotten_flesh":2,"minecraft:stone_shovel":1,"minecraft:bone_meal":15,"minecraft:oak_sapling":8,"minecraft:cobblestone":37},"minecraft:crafted":{"minecraft:oak_planks":104,"minecraft:wooden_pickaxe":2,"minecraft:bone_meal":15,"minecraft:acacia_stairs":8,"minecraft:stone_axe":1,"minecraft:stick":4,"minecraft:acacia_planks":232}},"DataVersion":2586}