{"stats":{"minecraft:broken":{"minecraft:wooden_axe":1},"minecraft:killed_by":{"minecraft:skeleton":1,"minecraft:creeper":1,"minecraft:zombie":1},"minecraft:dropped":{"minecraft:sugar_cane":7,"minecraft:wheat_seeds":9,"minecraft:apple":1,"minecraft:wooden_pickaxe":1,"minecraft:acacia_planks":32},"minecraft:mined":{"minecraft:acacia_leaves":12,"minecraft:crafting_table":1,"minecraft:grass":21,"minecraft:acacia_log":26,"minecraft:grass_block":3,"minecraft:oak_log":22,"minecraft:dead_bush":4,"minecraft:dirt":9,"minecraft:sand":10,"minecraft:tall_grass":8,"minecraft:acacia_planks":1,"minecraft:stone":37,"minecraft:sugar_cane":7,"minecraft:oak_planks":1,"minecraft:diorite":3,"minecraft:oak_leaves":6},"minecraft:killed":{"minecraft:skeleton":2,"minecraft:drowned":1},"minecraft:used":{"minecraft:oak_log":1,"minecraft:wooden_axe":68,"minecraft:oak_planks":85,"minecraft:wooden_pickaxe":45,"minecraft:dirt":6,"minecraft:sand":2,"minecraft:crafting_table":1,"minecraft:oak_sapling":1,"minecraft:acacia_planks":50},"minecraft:custom":{"minecraft:time_since_rest":4496,"minecraft:sprint_one_cm":60595,"minecraft:damage_taken":1340,"minecraft:walk_one_cm":79686,"minecraft:mob_kills":3,"minecraft:drop":5,"minecraft:damage_dealt":553,"minecraft:interact_with_crafting_table":6,"minecraft:swim_one_cm":20011,"minecraft:fly_one_cm":87195,"minecraft:player_kills":1,"minecraft:open_chest":6,"minecraft:crouch_one_cm":5121,"minecraft:play_one_minute":37537,"minecraft:deaths":5,"minecraft:sneak_time":1816,"minecraft:walk_under_water_one_cm":3125,"minecraft:jump":618,"minecraft:leave_game":1,"minecraft:walk_on_water_one_cm":8113,"minecraft:time_since_death":4459,"minecraft:fall_one_cm":18206},"minecraft:picked_up":{"minecraft:wooden_axe":3,"minecraft:crafting_table":1,"minecraft:stick":16,"minecraft:acacia_log":39,"minecraft:sand":38,"minecraft:oak_log":28,"minecraft:diorite":3,"minecraft:dirt":60,"minecraft:rotten_flesh":2,"minecraft:apple":4,"minecraft:bone":1,"minecraft:arrow":3,"minecraft:acacia_planks":97,"minecraft:wheat_seeds":17,"minecraft:oak_sapling":8,"minecraft:sugar_cane":7,"minecraft:oak_planks":1,"minecraft:acacia_sapling":6,"minecraft:cobblestone":37},"minecraft:crafted":{"minecraft:oak_planks":84,"minecraft:stick":4,"minecraft:wooden_pickaxe":2,"minecraft:acacia_planks":100}},"DataVersion":2586}