{"stats":{"minecraft:killed":{"minecraft:skeleton":1,"minecraft:zombie":2,"minecraft:spider":1,"minecraft:drowned":1},"minecraft:used":{"minecraft:wooden_axe":48,"minecraft:stone_pickaxe":44,"minecraft:wooden_pickaxe":33,"minecraft:crafting_table":2,"minecraft:furnace":1,"minecraft:egg":1},"minecraft:picked_up":{"minecraft:birch_log":89,"minecraft:stick":11,"minecraft:andesite":1,"minecraft:gunpowder":2,"minecraft:dirt":79,"minecraft:string":6,"minecraft:wooden_sword":2,"minecraft:cooked_mutton":2,"minecraft:bone":3,"minecraft:rotten_flesh":35,"minecraft:wheat_seeds":2,"minecraft:iron_ore":7,"minecraft:birch_sapling":38,"minecraft:coal":26,"minecraft:cobblestone":149,"minecraft:egg":1},"minecraft:crafted":{"minecraft:crafting_table":2,"minecraft:wooden_pickaxe":1,"minecraft:stone_pickaxe":1,"minecraft:wooden_axe":1,"minecraft:furnace":1,"minecraft:birch_planks":16},"minecraft:dropped":{"minecraft:wooden_axe":1},"minecraft:custom":{"minecraft:time_since_rest":1220,"minecraft:interact_with_furnace":2,"minecraft:sprint_one_cm":179512,"minecraft:damage_taken":3770,"minecraft:walk_one_cm":102119,"minecraft:mob_kills":2,"minecraft:drop":1,"minecraft:damage_dealt":1776,"minecraft:player_kills":1,"minecraft:interact_with_crafting_table":5,"minecraft:swim_one_cm":18684,"minecraft:fly_one_cm":94770,"minecraft:open_chest":3,"minecraft:crouch_one_cm":15,"minecraft:play_one_minute":39904,"minecraft:deaths":14,"minecraft:sneak_time":38,"minecraft:walk_under_water_one_cm":14881,"minecraft:jump":665,"minecraft:walk_on_water_one_cm":43794,"minecraft:time_since_death":1163,"minecraft:fall_one_cm":14508},"minecraft:killed_by":{"minecraft:player":1,"minecraft:drowned":2,"minecraft:skeleton":4,"minecraft:creeper":3,"minecraft:witch":3},"minecraft:mined":{"minecraft:birch_log":62,"minecraft:iron_ore":7,"minecraft:birch_leaves":19,"minecraft:andesite":1,"minecraft:grass":9,"minecraft:grass_block":5,"minecraft:coal_ore":2,"minecraft:dirt":1,"minecraft:sand":2,"minecraft:stone":61}},"DataVersion":2586}