{"stats":{"minecraft:killed":{"minecraft:drowned":1,"minecraft:zombie":1},"minecraft:used":{"minecraft:wooden_axe":40,"minecraft:wooden_pickaxe":29,"minecraft:egg":1},"minecraft:picked_up":{"minecraft:birch_log":73,"minecraft:stick":8,"minecraft:bone":1,"minecraft:rotten_flesh":11,"minecraft:wheat_seeds":1,"minecraft:cobblestone":29,"minecraft:birch_sapling":12,"minecraft:string":6,"minecraft:egg":1},"minecraft:crafted":{"minecraft:birch_planks":16,"minecraft:wooden_pickaxe":1,"minecraft:wooden_axe":1},"minecraft:custom":{"minecraft:time_since_rest":8764,"minecraft:play_one_minute":21904,"minecraft:crouch_one_cm":15,"minecraft:sprint_one_cm":121225,"minecraft:walk_one_cm":52879,"minecraft:damage_taken":960,"minecraft:deaths":4,"minecraft:sneak_time":26,"minecraft:walk_under_water_one_cm":1299,"minecraft:jump":354,"minecraft:damage_dealt":509,"minecraft:time_since_death":8738,"minecraft:walk_on_water_one_cm":11015,"minecraft:swim_one_cm":8561,"minecraft:interact_with_crafting_table":2,"minecraft:fall_one_cm":6990,"minecraft:fly_one_cm":47815},"minecraft:killed_by":{"minecraft:skeleton":3,"minecraft:drowned":1},"minecraft:mined":{"minecraft:grass":5,"minecraft:sand":2,"minecraft:birch_log":62,"minecraft:stone":29,"minecraft:birch_leaves":19}},"DataVersion":2586}