{"stats":{"minecraft:killed":{"minecraft:drowned":1,"minecraft:zombie":1},"minecraft:picked_up":{"minecraft:birch_log":15,"minecraft:rotten_flesh":7,"minecraft:string":2},"minecraft:custom":{"minecraft:time_since_rest":877,"minecraft:play_one_minute":9904,"minecraft:crouch_one_cm":15,"minecraft:sprint_one_cm":47774,"minecraft:walk_one_cm":33247,"minecraft:damage_taken":450,"minecraft:deaths":2,"minecraft:sneak_time":4,"minecraft:walk_under_water_one_cm":1158,"minecraft:jump":182,"minecraft:damage_dealt":413,"minecraft:time_since_death":829,"minecraft:walk_on_water_one_cm":5796,"minecraft:swim_one_cm":7240,"minecraft:fall_one_cm":2833,"minecraft:fly_one_cm":22783},"minecraft:killed_by":{"minecraft:skeleton":1,"minecraft:drowned":1},"minecraft:mined":{"minecraft:grass":2,"minecraft:sand":2,"minecraft:birch_log":8,"minecraft:birch_leaves":4}},"DataVersion":2586}